Title,Department,Studio,Locations
AI Programmer (mid to senior),Engineering/Programming,"Dallas, TX, US",id Software
Assistant Technical Director,Engineering/Programming,"Lyon, FR",Arkane Studios - France
Associate Database Engineer,Engineering/Programming,"Hunt Valley, MD, US
Austin, TX, US
San Diego, CA, US
Seattle, WA, US
Madison, WI, US",ZeniMax Online Studios
Azure Cloud Engineer,Engineering/Programming,"Hunt Valley, MD, US
Austin, TX, US
Seattle, WA, US
San Diego, CA, US
Madison, WI, US",ZeniMax Online Studios
C++ Programmer,Engineering/Programming,"Budapest, HU",ZeniMax Online Studios - Hungary
Data Warehouse Programmer,Engineering/Programming,"Rockville, MD, US
Dallas, TX, US
Austin, TX, US",Bethesda Game Studios
DevOps Kubernetes Engineer,Engineering/Programming,"Hunt Valley, MD, US
Austin, TX, US
Madison, WI, US
Seattle, WA, US
San Diego, CA, US",ZeniMax Online Studios
DevOps Programmer,Engineering/Programming,"Rockville, MD, US
Dallas, TX, US
Austin, TX, US",Bethesda Game Studios
Directeur.trice technique / Technical Director,Engineering/Programming,"Montreal, CA",Bethesda Game Studios - Montreal
Engine Programmer,Engineering/Programming,"Frankfurt, DE",id Software - Germany
Gameplay Engineer,Engineering/Programming,"Hunt Valley, MD, US
Austin, TX, US
Madison, WI, US
Seattle, WA, US
San Diego, CA, US",ZeniMax Online Studios
Gameplay Technical Architect,Engineering/Programming,"Hunt Valley, MD, US
Austin, TX, US
San Diego, CA, US
Madison, WI, US
Seattle, WA, US",ZeniMax Online Studios
Graphics Engineer,Engineering/Programming,"Hunt Valley, MD, US
Austin, TX, US
Madison, WI, US
San Diego, CA, US
Seattle, WA, US",ZeniMax Online Studios
Graphics Programmer,Engineering/Programming,"Lyon, FR",Arkane Studios - France
Lead AI Designer,Engineering/Programming,"Dallas, TX, US",id Software
Lead Animation Engineer,Engineering/Programming,"Hunt Valley, MD, US
Austin, TX, US
Madison, WI, US
Seattle, WA, US
San Diego, CA, US",ZeniMax Online Studios
Lead Gameplay Engineer,Engineering/Programming,"Hunt Valley, MD, US
Madison, WI, US
Austin, TX, US
Seattle, WA, US
San Diego, CA, US",ZeniMax Online Studios
Lead Graphics Engineer,Engineering/Programming,"Austin, TX, US",Arkane Studios - Austin
Lead Live Programmer,Engineering/Programming,"Rockville, MD, US
Dallas, TX, US
Austin, TX, US",Bethesda Game Studios
Lead Multiplayer Systems Programmer,Engineering/Programming,"Rockville, MD, US
Dallas, TX, US
Austin, TX, US",Bethesda Game Studios
Lead Server Engineer,Engineering/Programming,"Hunt Valley, MD, US
Austin, TX, US
Madison, WI, US
Seattle, WA, US
San Diego, CA, US",ZeniMax Online Studios
Network Programmer,Engineering/Programming,"Uppsala, SE",MachineGames
Principal Engine Programmer,Engineering/Programming,"Frankfurt, DE",id Software - Germany
Programmeur.se d'entrepôt de données / Data Warehouse Programmer,Engineering/Programming,"Montreal, CA",Bethesda Game Studios - Montreal
Programmeur.se de Serveur / Server Programmer,Engineering/Programming,"Montreal, CA",Bethesda Game Studios - Montreal
Programmeur.se DevOps / DevOps Programmer,Engineering/Programming,"Montreal, CA",Bethesda Game Studios - Montreal
"Programmeur.se en chef ""live"" / Lead Live Programmer",Engineering/Programming,"Montreal, CA",Bethesda Game Studios - Montreal
Programmeur.se en chef de systèmes multijoueurs / Lead Multiplayer Systems Programmer,Engineering/Programming,"Montreal, CA",Bethesda Game Studios - Montreal
Senior AI Programmer,Engineering/Programming,"Uppsala, SE",MachineGames
Senior Animation Engineer,Engineering/Programming,"Austin, TX, US",Arkane Studios - Austin
Senior DevOps Engineer,Engineering/Programming,"Hunt Valley, MD, US
San Diego, CA, US
Seattle, WA, US
Madison, WI, US
Austin, TX, US",ZeniMax Online Studios
Senior Gameplay AI Engineer,Engineering/Programming,"Hunt Valley, MD, US
Austin, TX, US
San Diego, CA, US
Madison, WI, US
Seattle, WA, US",ZeniMax Online Studios
Senior Gameplay Engineer,Engineering/Programming,"Hunt Valley, MD, US
Austin, TX, US
San Diego, CA, US
Madison, WI, US
Seattle, WA, US",ZeniMax Online Studios
Senior Server Engineer,Engineering/Programming,"Hunt Valley, MD, US
Austin, TX, US
Madison, WI, US
Seattle, WA, US
San Diego, CA, US",ZeniMax Online Studios
Senior Server Engineer (ESO),Engineering/Programming,"Hunt Valley, MD, US
Austin, TX, US
Madison, WI, US
Seattle, WA, US
San Diego, CA, US",ZeniMax Online Studios
Senior Tools Engineer,Engineering/Programming,"Hunt Valley, MD, US
Austin, TX, US
Madison, WI, US
Seattle, WA, US
San Diego, CA, US",ZeniMax Online Studios
Senior Tools Programmer,Engineering/Programming,"Uppsala, SE",MachineGames
Senior Tools Programmer,Engineering/Programming,"Lyon, FR",Arkane Studios - France
Server Programmer,Engineering/Programming,"Rockville, MD, US
Dallas, TX, US
Austin, TX, US",Bethesda Game Studios
Technical Director,Engineering/Programming,"Rockville, MD, US
Dallas, TX, US
Austin, TX, US",Bethesda Game Studios
UI Programmer (mid to senior),Engineering/Programming,"Dallas, TX, US",id Software
Web Tools Engineer,Engineering/Programming,"Hunt Valley, MD, US
San Diego, CA, US
Austin, TX, US
Seattle, WA, US
Madison, WI, US",ZeniMax Online Studios
